-- phpMyAdmin SQL Dump
-- version 4.8.5
-- https://www.phpmyadmin.net/
--
-- 主机： localhost:3306
-- 生成日期： 2019-05-15 16:11:54
-- 服务器版本： 5.7.24
-- PHP 版本： 7.2.11

SET SQL_MODE = "NO_AUTO_VALUE_ON_ZERO";
SET AUTOCOMMIT = 0;
START TRANSACTION;
SET time_zone = "+00:00";


/*!40101 SET @OLD_CHARACTER_SET_CLIENT=@@CHARACTER_SET_CLIENT */;
/*!40101 SET @OLD_CHARACTER_SET_RESULTS=@@CHARACTER_SET_RESULTS */;
/*!40101 SET @OLD_COLLATION_CONNECTION=@@COLLATION_CONNECTION */;
/*!40101 SET NAMES utf8mb4 */;

--
-- 数据库： `polygongame`
--

-- --------------------------------------------------------

--
-- 表的结构 `dbhistory`
--

CREATE TABLE `dbhistory` (
  `id` int(11) NOT NULL,
  `user` text NOT NULL,
  `time` bigint(20) NOT NULL,
  `matchid` int(11) NOT NULL,
  `score` bigint(20) NOT NULL,
  `status` int(11) NOT NULL COMMENT '1进行中，2游戏结束，3超时',
  `usetime` double NOT NULL COMMENT '耗时'
) ENGINE=InnoDB DEFAULT CHARSET=utf8;

--
-- 转存表中的数据 `dbhistory`
--

INSERT INTO `dbhistory` (`id`, `user`, `time`, `matchid`, `score`, `status`, `usetime`) VALUES
(1, 'admin', 1557911218, 4, 48, 3, 10),
(2, 'xiaoming', 1557910964, 3, 15, 2, 10),
(3, 'xiaoming', 1557911218, 4, 0, 3, 0),
(4, 'xiaoming', 1557913553, 5, 234806, 2, 10),
(5, 'xiaoming', 1557913633, 6, 66298, 2, 10),
(6, 'xiaoming', 1557915225, 7, 44613, 2, 10),
(7, 'xiaoming', 1557915271, 8, 345917, 2, 10),
(8, 'xiaoming', 1557915433, 9, 251060, 2, 10),
(9, 'laji', 1557915433, 9, 457150, 2, 10),
(10, 'xiaoming', 1557915760, 10, 110257787, 2, 10),
(11, 'laji', 1557915760, 10, 110257787, 2, 10),
(12, 'xiaoming', 1557915940, 11, 136919856, 2, 10),
(13, 'laji', 1557915940, 11, 84990510, 2, 10),
(14, 'xiaoming', 1557916514, 12, 21413280, 2, 10),
(15, 'laji', 1557916514, 12, 0, 3, 0),
(16, 'xiaoming', 1557918012, 13, 0, 3, 0),
(17, 'laji', 1557918012, 13, 0, 3, 0),
(18, 'xiaoming', 1557918142, 14, 0, 3, 0),
(19, 'laji', 1557918142, 14, 0, 3, 0),
(20, 'xiaoming', 1557918386, 15, 0, 3, 0),
(21, 'laji', 1557918386, 15, 0, 3, 0),
(22, 'xiaoming', 1557918467, 16, 0, 3, 0),
(23, 'laji', 1557918467, 16, 0, 3, 0),
(24, 'xiaoming', 1557919260, 17, 0, 3, 0),
(25, 'laji', 1557919260, 17, 0, 3, 0),
(26, 'xiaoming', 1557919433, 18, 0, 3, 0),
(27, 'laji', 1557919433, 18, 0, 3, 0),
(28, 'xiaoming', 1557919736, 19, 0, 3, 0),
(29, 'laji', 1557919736, 19, 0, 3, 0),
(30, 'xiaoming', 1557919981, 20, 0, 3, 0),
(31, 'laji', 1557919981, 20, 0, 3, 0),
(32, 'xiaoming', 1557920117, 21, 0, 3, 0),
(33, 'laji', 1557920117, 21, 0, 3, 0),
(34, 'xiaoming', 1557920186, 22, 0, 3, 0),
(35, 'laji', 1557920186, 22, 0, 3, 0),
(36, 'xiaoming', 1557920320, 23, 0, 3, 0),
(37, 'laji', 1557920320, 23, 0, 3, 0),
(38, 'xiaoming', 1557920458, 24, 66680081, 2, 571),
(39, 'laji', 1557920458, 24, 0, 3, 0),
(40, 'xiaoming', 1557922420, 25, 0, 3, 0),
(41, 'laji', 1557922420, 25, 64701216, 2, 774),
(42, 'xiaoming', 1557922697, 26, 0, 3, 0),
(43, 'laji', 1557922697, 26, 0, 3, 0),
(44, 'xiaoming', 1557922888, 27, 0, 3, 0),
(45, 'laji', 1557922888, 27, 0, 3, 0),
(46, 'xiaoming', 1557923016, 28, -133644, 2, 485),
(47, 'laji', 1557923016, 28, -50964, 2, 754),
(48, 'xiaoming', 1557923577, 29, -158400, 2, 498),
(49, 'laji', 1557923577, 29, 4640, 2, 1508),
(50, 'xiaoming', 1557923619, 30, 10560, 2, 1508),
(51, 'laji', 1557923619, 30, 10560, 2, 404),
(52, 'xiaoming', 1557924015, 31, -8478, 2, 540),
(53, 'laji', 1557924015, 31, -21250, 2, 2274),
(54, 'xiaoming', 1557924176, 32, 4467, 2, 538),
(55, 'laji', 1557924176, 32, 4467, 2, 1703),
(56, 'xiaoming', 1557924311, 33, 9911160, 2, 498),
(57, 'xiaoming', 1557928911, 34, 0, 3, 0),
(58, 'xiaoming', 1557929352, 35, 0, 3, 0),
(59, 'xiaoming', 1557929674, 36, 297, 2, 941),
(60, 'xiaoming', 1557931272, 37, 80, 2, 1487),
(61, 'xiaoming', 1557931379, 38, 66, 2, 577),
(62, 'xiaoming', 1557933106, 39, 277, 2, 836),
(63, 'xiaoming', 1557933147, 40, 30, 2, 434),
(64, 'xiaoming', 1557934324, 41, 333, 2, 8.4),
(65, 'xiaoming', 1557935285, 42, 0, 3, 0),
(66, 'xiaoming', 1557935994, 43, 84, 2, 8.8);

-- --------------------------------------------------------

--
-- 表的结构 `dbmatch`
--

CREATE TABLE `dbmatch` (
  `id` int(11) NOT NULL,
  `roomid` int(11) NOT NULL,
  `length` int(11) NOT NULL,
  `data_number` mediumtext NOT NULL,
  `data_border` mediumtext NOT NULL,
  `time` int(11) NOT NULL,
  `timelimit` int(11) NOT NULL
) ENGINE=InnoDB DEFAULT CHARSET=utf8;

--
-- 转存表中的数据 `dbmatch`
--

INSERT INTO `dbmatch` (`id`, `roomid`, `length`, `data_number`, `data_border`, `time`, `timelimit`) VALUES
(1, 1004, 5, '5,3,3,5,3', '+,*,*,*,*', 1557904477, 300000),
(2, 1004, 4, '4,4,3,3', '*,+,*,*', 1557908606, 300),
(3, 1004, 4, '4,4,3,4', '+,+,+,*', 1557910964, 300),
(4, 1004, 5, '5,3,4,3,3', '*,*,*,+,*', 1557911218, 30),
(5, 1004, 5, '650,378,188,497,470', '+,+,+,+,*', 1557913553, 60),
(6, 1004, 4, '389,160,9,557', '+,*,+,*', 1557913633, 60),
(7, 1004, 5, '267,35,223,196,603', '+,+,+,*,+', 1557915225, 60),
(8, 1004, 4, '238,118,503,687', '+,+,*,*', 1557915271, 60),
(9, 1004, 5, '225,516,146,453,185', '+,*,+,+,*', 1557915433, 60),
(10, 1004, 4, '38,575,427,449', '*,+,*,*', 1557915760, 60),
(11, 1004, 5, '375,344,504,449,510', '+,*,+,*,*', 1557915940, 60),
(12, 1004, 5, '487,539,325,64,687', '*,+,+,+,*', 1557916514, 60),
(13, 1004, 5, '230,339,535,314,162', '*,*,+,*,*', 1557918012, 60),
(14, 1004, 5, '361,156,616,81,302', '*,+,*,+,+', 1557918142, 60),
(15, 1004, 4, '71,674,134,265', '*,+,*,*', 1557918386, 60),
(16, 1004, 4, '573,318,523,20', '*,*,+,+', 1557918467, 60),
(17, 1004, 4, '581,519,433,682', '*,*,*,+', 1557919260, 60),
(18, 1004, 5, '538,613,215,22,153', '*,*,*,+,+', 1557919433, 60),
(19, 1004, 5, '419,490,556,612,123', '*,*,+,*,+', 1557919736, 60),
(20, 1004, 5, '571,574,131,418,148', '*,+,+,*,*', 1557919981, 60),
(21, 1004, 5, '19,542,620,580,226', '+,+,*,*,*', 1557920117, 60),
(22, 1004, 4, '162,679,320,643', '+,+,*,*', 1557920186, 60),
(23, 1004, 5, '482,218,59,681,310', '+,+,*,+,+', 1557920320, 60),
(24, 1004, 4, '670,342,291,341', '+,*,*,*', 1557920458, 60),
(25, 1004, 5, '221,369,558,307,216', '*,+,*,*,+', 1557922420, 60),
(26, 1005, 5, '-7,-86,-81,-76,-79', '+,*,*,*,+', 1557922697, 111),
(27, 1005, 3, '-16,-72,5', '*,+,*', 1557922888, 111),
(28, 1005, 5, '-43,-32,-52,-40,3', '*,*,+,+,+', 1557923016, 111),
(29, 1005, 5, '-41,-22,-27,-55,-32', '*,+,+,+,*', 1557923577, 111),
(30, 1005, 4, '-19,-4,-88,-97', '+,+,*,+', 1557923619, 111),
(31, 1005, 5, '-32,-67,-5,-25,-71', '+,+,*,*,+', 1557924015, 111),
(32, 1005, 5, '-70,-5,-60,-70,-13', '+,*,+,*,+', 1557924176, 111),
(33, 1005, 5, '-81,-95,-14,-2,-90', '*,*,*,+,+', 1557924311, 111),
(34, 1006, 4, '5,5,6,5', '+,+,+,*', 1557928911, 300),
(35, 1006, 7, '7,7,5,6,3,4,5', '+,*,+,+,*,*,*', 1557929352, 300),
(36, 1006, 6, '8,7,4,6,7,5', '*,*,+,+,+,+', 1557929674, 300),
(37, 1006, 5, '3,7,3,5,8', '*,+,*,+,*', 1557931272, 300),
(38, 1006, 5, '4,6,4,8,3', '*,+,+,+,+', 1557931379, 300),
(39, 1007, 7, '8,5,8,4,6,6,4', '*,+,+,*,*,+,+', 1557933106, 300),
(40, 1007, 3, '5,5,5', '*,+,*', 1557933147, 300),
(41, 1007, 6, '3,4,3,7,4,3', '*,*,+,*,+,*', 1557934324, 300),
(42, 1007, 5, '6,6,4,4,3', '*,+,*,*,+', 1557935285, 300),
(43, 1007, 6, '5,5,5,4,3,3', '+,+,*,+,*,+', 1557935994, 300);

-- --------------------------------------------------------

--
-- 表的结构 `dbroom`
--

CREATE TABLE `dbroom` (
  `id` int(11) NOT NULL,
  `user` mediumtext NOT NULL COMMENT '房主',
  `time` bigint(20) NOT NULL COMMENT '创建时间',
  `status` int(11) NOT NULL COMMENT '状态：准备中0，游戏中1',
  `canBack` int(11) NOT NULL COMMENT '可反悔',
  `timeLimit` int(11) NOT NULL COMMENT '时限',
  `psw` mediumtext NOT NULL COMMENT '房间密码',
  `showAns` int(11) NOT NULL COMMENT '展示最优解',
  `type` int(11) NOT NULL COMMENT '0固定、1随机',
  `data_number` mediumtext NOT NULL,
  `data_boundary` mediumtext NOT NULL,
  `name` mediumtext NOT NULL,
  `nowMatch` int(11) NOT NULL
) ENGINE=InnoDB DEFAULT CHARSET=utf8;

--
-- 转存表中的数据 `dbroom`
--

INSERT INTO `dbroom` (`id`, `user`, `time`, `status`, `canBack`, `timeLimit`, `psw`, `showAns`, `type`, `data_number`, `data_boundary`, `name`, `nowMatch`) VALUES
(1000, 'admin', 1, 2, 1, 1200, '123', 1, 0, '', '', 'hasaki', 0),
(1002, 'admin123', 1557886995, 2, 1, 300, '', 0, 0, '1,2,3,4', '+,+,*,+', 'youyaang', 0),
(1003, 'admin', 1557891685, 0, 1, 300, '123', 1, 0, '1,2,3,4', '+,+,*,+', 'hasaki', 0),
(1004, 'xiaoming', 1557903288, 2, 0, 60, '', 0, 1, '3,688', '4,6', '随机', 0),
(1005, 'xiaoming', 1557922682, 2, 0, 111, '', 0, 1, '-99,6', '3,6', '啦啦啦', 0),
(1006, 'xiaoming', 1557927568, 2, 1, 300, '', 1, 1, '3,9', '4,9', '夏姬八打', 0),
(1007, 'xiaoming', 1557933099, 0, 0, 300, '', 0, 1, '3,9', '3,9', '夏姬八打', 0);

-- --------------------------------------------------------

--
-- 表的结构 `dbroomhistory`
--

CREATE TABLE `dbroomhistory` (
  `id` int(11) NOT NULL,
  `roomid` int(11) NOT NULL,
  `matchid` int(11) NOT NULL,
  `content` text NOT NULL
) ENGINE=InnoDB DEFAULT CHARSET=utf8;

--
-- 转存表中的数据 `dbroomhistory`
--

INSERT INTO `dbroomhistory` (`id`, `roomid`, `matchid`, `content`) VALUES
(1, 1004, 11, '<p>参加人数：2</p><p>第1名：xiaoming（136919856） +1</p><p>第2名：laji（84990510） +0</p><p>有效成绩：2</p>'),
(2, 1004, 12, '<p>参加人数：2</p><p>第1名：xiaoming（21413280） +1</p><p>有效成绩：2</p>'),
(3, 1004, 13, '<p>参加人数：2</p><p>有效成绩：0</p>'),
(4, 1004, 14, '<p>参加人数：2</p><p>有效成绩：0</p>'),
(5, 1004, 15, '<p>参加人数：2</p><p>有效成绩：0</p>'),
(6, 1004, 16, '<p>参加人数：2</p><p>有效成绩：0</p>'),
(7, 1004, 17, '<p>参加人数：2</p><p>有效成绩：0</p>'),
(8, 1004, 18, '<p>参加人数：2</p><p>有效成绩：0</p>'),
(9, 1004, 19, '<p>参加人数：2</p><p>有效成绩：0</p>'),
(10, 1004, 20, '<p>参加人数：2</p><p>有效成绩：0</p>'),
(11, 1004, 21, '<p>参加人数：2</p><p>有效成绩：0</p>'),
(12, 1004, 22, '<p>参加人数：2</p><p>有效成绩：0</p>'),
(13, 1004, 23, '<p>参加人数：2</p><p>有效成绩：0</p>'),
(14, 1004, 24, '<p>参加人数：2</p><p>第1名：xiaoming（66680081） +1</p><p>有效成绩：1</p>'),
(15, 1004, 25, '<p>参加人数：2</p><p>第1名：laji（64701216） +1</p><p>有效成绩：1</p>'),
(16, 1005, 26, '<p>参加人数：2</p><p>有效成绩：0</p>'),
(17, 1005, 27, '<p>参加人数：2</p><p>有效成绩：0</p>'),
(18, 1005, 28, '<p>参加人数：2</p><p>第1名：laji（-50964） +1</p><p>第2名：xiaoming（-133644） +0</p><p>有效成绩：2</p>'),
(19, 1005, 29, '<p>参加人数：2</p><p>第1名：laji（4640） +1</p><p>第2名：xiaoming（-158400） +0</p><p>有效成绩：2</p>'),
(20, 1005, 30, '<p>参加人数：2</p><p>第1名：xiaoming（10560） +1</p><p>第2名：laji（10560） +0</p><p>有效成绩：2</p>'),
(21, 1005, 31, '<p>参加人数：2</p><p>第1名：xiaoming（-8478） +1</p><p>第2名：laji（-21250） +0</p><p>有效成绩：2</p>'),
(22, 1005, 32, '<p>参加人数：2</p><p>第1名：xiaoming（4467） +1</p><p>第2名：laji（4467） +0</p><p>有效成绩：2</p>'),
(23, 1005, 33, '<p>参加人数：1</p><p>第1名：xiaoming（9695698） +0</p><p>有效成绩：1</p>'),
(24, 1006, 34, '<p>参加人数：1</p><p>有效成绩：0</p>'),
(25, 1006, 35, '<p>参加人数：1</p><p>有效成绩：0</p>'),
(26, 1006, 36, '<p>参加人数：1</p><p>第1名：xiaoming（297） +0</p><p>有效成绩：1</p>'),
(27, 1006, 37, '<p>参加人数：1</p><p>第1名：xiaoming（80） +0</p><p>有效成绩：1</p>'),
(28, 1006, 38, '<p>参加人数：1</p><p>第1名：xiaoming（66） +0</p><p>有效成绩：1</p>'),
(29, 1007, 39, '<p>参加人数：1</p><p>第1名：xiaoming（277） +0</p><p>有效成绩：1</p>'),
(30, 1007, 40, '<p>参加人数：1</p><p>第1名：xiaoming（30） +0</p><p>有效成绩：1</p>'),
(31, 1007, 41, '<p>参加人数：1</p><p>第1名：xiaoming（333） +0</p><p>有效成绩：1</p>'),
(32, 1007, 42, '<p>参加人数：1</p><p>有效成绩：0</p>'),
(33, 1007, 43, '<p>参加人数：1</p><p>第1名：xiaoming（84） +0</p><p>有效成绩：1</p>');

-- --------------------------------------------------------

--
-- 表的结构 `dbtalk`
--

CREATE TABLE `dbtalk` (
  `id` int(11) NOT NULL,
  `roomid` int(11) NOT NULL,
  `name` mediumtext NOT NULL,
  `msg` mediumtext NOT NULL,
  `time` bigint(20) NOT NULL
) ENGINE=InnoDB DEFAULT CHARSET=utf8;

--
-- 转存表中的数据 `dbtalk`
--

INSERT INTO `dbtalk` (`id`, `roomid`, `name`, `msg`, `time`) VALUES
(1, 1003, '小仙', '请问', 0),
(2, 1005, 'xiaoming', '1234444', 1557925405),
(3, 1006, 'xiaoming', '123', 1557927579),
(4, 1006, 'xiaoming', '安静的', 1557928823),
(5, 1006, 'xiaoming', '冲冲冲', 1557928883),
(7, 1006, '小明', 'ccc', 1557930267),
(8, 1006, '小明', '拒绝', 1557930532),
(9, 1006, '小明', '啊啊', 1557930536),
(10, 1006, '小明', '受打击啦', 1557930540),
(11, 1006, '小明', '撒', 1557930672),
(12, 1006, '小明', '猴', 1557930949),
(13, 1006, '小明', '塞', 1557930952),
(14, 1006, '小明', '雷', 1557930955),
(15, 1006, '小明', '嘤嘤嘤', 1557930957),
(16, 1006, '<span class=\"text-warning\">系统</span>', '游戏即将开始！', 1557931267),
(17, 1006, '<span class=\"text-warning\">系统</span>', '游戏结算完毕！', 1557931347),
(18, 1006, '<span class=\"text-danger\">系统</span>', '游戏即将开始！', 1557931374),
(19, 1006, '<span class=\"text-danger\">系统</span>', '游戏结算完毕！', 1557931553),
(20, 1006, '小明', 'lll', 1557931559),
(21, 1007, '<span class=\"text-danger\">系统</span>', '游戏即将开始！', 1557933101),
(22, 1007, '<span class=\"text-danger\">系统</span>', '游戏结算完毕！', 1557933139),
(23, 1007, '<span class=\"text-danger\">系统</span>', '游戏即将开始！', 1557933142),
(24, 1007, '<span class=\"text-danger\">系统</span>', '游戏结算完毕！', 1557934222),
(25, 1007, '<span class=\"text-danger\">系统</span>', '游戏即将开始！', 1557934319),
(26, 1007, '<span class=\"text-danger\">系统</span>', '游戏结算完毕！', 1557934338),
(27, 1007, '<span class=\"text-danger\">系统</span>', '游戏即将开始！', 1557935280),
(28, 1007, '<span class=\"text-danger\">系统</span>', '游戏结算完毕！', 1557935984),
(29, 1007, '<span class=\"text-danger\">系统</span>', '游戏即将开始！', 1557935989),
(30, 1007, '<span class=\"text-danger\">系统</span>', '游戏结算完毕！', 1557936006),
(31, 1007, '小明', '.', 1557936033);

-- --------------------------------------------------------

--
-- 表的结构 `dbuser`
--

CREATE TABLE `dbuser` (
  `id` int(11) NOT NULL,
  `user` text NOT NULL COMMENT '用户名',
  `psw` text NOT NULL COMMENT '密码',
  `name` text NOT NULL,
  `points` int(11) NOT NULL COMMENT '积分',
  `regtime` bigint(20) NOT NULL COMMENT '注册时间',
  `room` int(11) NOT NULL COMMENT '所在房间'
) ENGINE=InnoDB DEFAULT CHARSET=utf8;

--
-- 转存表中的数据 `dbuser`
--

INSERT INTO `dbuser` (`id`, `user`, `psw`, `name`, `points`, `regtime`, `room`) VALUES
(1, 'admin', '123', '小悠', 15, 1557825825, 1003),
(2, 'xiaoming', '123', '小明', 128, 1557829283, 1007),
(7, 'admin1', '123', '123', 0, 1557829702, 0),
(10, 'admin123', '123', '小小', 0, 1557830132, 1003),
(11, 'wushuang', '123', '<span class=\"text-warning\">无双</span>', 999, 1234, 0),
(12, 'laji', '123', '在座各位都是垃圾', 16, 1234, 0);

--
-- 转储表的索引
--

--
-- 表的索引 `dbhistory`
--
ALTER TABLE `dbhistory`
  ADD PRIMARY KEY (`id`);

--
-- 表的索引 `dbmatch`
--
ALTER TABLE `dbmatch`
  ADD PRIMARY KEY (`id`);

--
-- 表的索引 `dbroom`
--
ALTER TABLE `dbroom`
  ADD PRIMARY KEY (`id`);

--
-- 表的索引 `dbroomhistory`
--
ALTER TABLE `dbroomhistory`
  ADD PRIMARY KEY (`id`);

--
-- 表的索引 `dbtalk`
--
ALTER TABLE `dbtalk`
  ADD PRIMARY KEY (`id`);

--
-- 表的索引 `dbuser`
--
ALTER TABLE `dbuser`
  ADD PRIMARY KEY (`id`);

--
-- 在导出的表使用AUTO_INCREMENT
--

--
-- 使用表AUTO_INCREMENT `dbhistory`
--
ALTER TABLE `dbhistory`
  MODIFY `id` int(11) NOT NULL AUTO_INCREMENT, AUTO_INCREMENT=67;

--
-- 使用表AUTO_INCREMENT `dbmatch`
--
ALTER TABLE `dbmatch`
  MODIFY `id` int(11) NOT NULL AUTO_INCREMENT, AUTO_INCREMENT=44;

--
-- 使用表AUTO_INCREMENT `dbroom`
--
ALTER TABLE `dbroom`
  MODIFY `id` int(11) NOT NULL AUTO_INCREMENT, AUTO_INCREMENT=1008;

--
-- 使用表AUTO_INCREMENT `dbroomhistory`
--
ALTER TABLE `dbroomhistory`
  MODIFY `id` int(11) NOT NULL AUTO_INCREMENT, AUTO_INCREMENT=34;

--
-- 使用表AUTO_INCREMENT `dbtalk`
--
ALTER TABLE `dbtalk`
  MODIFY `id` int(11) NOT NULL AUTO_INCREMENT, AUTO_INCREMENT=32;

--
-- 使用表AUTO_INCREMENT `dbuser`
--
ALTER TABLE `dbuser`
  MODIFY `id` int(11) NOT NULL AUTO_INCREMENT, AUTO_INCREMENT=13;
COMMIT;

/*!40101 SET CHARACTER_SET_CLIENT=@OLD_CHARACTER_SET_CLIENT */;
/*!40101 SET CHARACTER_SET_RESULTS=@OLD_CHARACTER_SET_RESULTS */;
/*!40101 SET COLLATION_CONNECTION=@OLD_COLLATION_CONNECTION */;
